{
  "client/src/lib/theme_ffi.ffi.js": 1775663206.9680433,
  "client/src/lib/window_ffi.ffi.js": 1775744225.7425041,
  "README.md": 1776326645.008094,
  "client/README.md": 1774701426.0141184,
  "server/README.md": 1774701426.0262136,
  "server/priv/index.html": 1776004574.3794048,
  "shared/README.md": 1774701426.038189
}